{
  "ByTrack": {
    "192": {
      "ByCarId": {
        "169": {
          "Consumption": 3.3064637121700096,
          "LapTime": 127.4894027,
          "LapCount": 3
        }
      }
    }
  }
}